Date,Product_Category,Price,Discount,Customer_Segment,Marketing_Spend,Units_Sold,Total_Sales
01-01-2023,Sports,932.8,35.82,Occasional,6780.38,32,29849.6
02-01-2023,Toys,569.48,3.6,Premium,6807.56,16,9111.68
03-01-2023,Home Decor,699.68,3.56,Premium,3793.91,27,18891.359999999997
04-01-2023,Toys,923.27,0.61,Premium,9422.75,29,26774.829999999998
05-01-2023,Toys,710.17,47.83,Premium,1756.83,17,12072.89
06-01-2023,Fashion,161.01,36.88,Premium,5053.56,27,4347.2699999999995
07-01-2023,Home Decor,580.53,17.66,Occasional,6939.75,30,17415.899999999998
08-01-2023,Home Decor,610.65,14.83,Regular,7001.64,27,16487.55
09-01-2023,Home Decor,429.89,17.49,Occasional,6521.53,32,13756.48
10-01-2023,Toys,739.08,38.73,Regular,2825.35,28,20694.24
11-01-2023,Sports,935.02,33.07,Premium,1646.45,26,24310.52
12-01-2023,Home Decor,926.31,9.26,Regular,6395.81,26,24084.059999999998
13-01-2023,Toys,456.33,8.71,Occasional,6033.09,37,16884.21
14-01-2023,Fashion,122.11,4.92,Occasional,1875.62,28,3419.08
15-01-2023,Sports,984.99,33.02,Regular,7080.88,27,26594.73
16-01-2023,Fashion,840.51,38.22,Premium,4606.2,32,26896.32
17-01-2023,Sports,133.42,13.25,Premium,6710.83,20,2668.3999999999996
18-01-2023,Toys,921.63,1.05,Occasional,8389.93,35,32257.05
19-01-2023,Electronics,871.2,4.11,Regular,1780.31,23,20037.600000000002
20-01-2023,Sports,523.65,48.39,Premium,289.53,17,8902.05
21-01-2023,Fashion,595.36,14.77,Premium,7813.12,23,13693.28
22-01-2023,Toys,405.01,38.46,Occasional,6136.0,24,9720.24
23-01-2023,Sports,64.21,31.23,Premium,7026.43,35,2247.35
24-01-2023,Electronics,341.85,19.1,Regular,8397.73,32,10939.2
25-01-2023,Electronics,804.82,10.28,Occasional,8047.83,34,27363.88
26-01-2023,Home Decor,14.59,6.07,Occasional,9613.11,29,423.11
27-01-2023,Home Decor,340.16,30.75,Regular,5405.76,25,8504.0
28-01-2023,Fashion,404.19,38.73,Occasional,4936.11,29,11721.51
29-01-2023,Sports,542.02,32.2,Premium,4078.68,29,15718.58
30-01-2023,Sports,920.66,26.52,Premium,1621.54,25,23016.5
31-01-2023,Home Decor,352.88,2.1,Regular,5768.81,37,13056.56
01-02-2023,Sports,353.48,48.42,Premium,2842.42,19,6716.120000000001
02-02-2023,Sports,740.13,39.94,Regular,9220.94,26,19243.38
03-02-2023,Electronics,457.7,14.64,Regular,5873.59,30,13731.0
04-02-2023,Home Decor,232.36,49.0,Premium,5969.12,34,7900.240000000001
05-02-2023,Toys,457.92,30.09,Regular,3613.75,32,14653.44
06-02-2023,Home Decor,149.45,29.12,Premium,614.69,30,4483.5
07-02-2023,Toys,184.62,37.4,Occasional,414.26,35,6461.7
08-02-2023,Electronics,503.38,40.59,Occasional,4291.02,26,13087.88
09-02-2023,Fashion,424.74,32.82,Regular,937.2,34,14441.16
10-02-2023,Sports,915.7,6.4,Premium,6107.78,38,34796.6
11-02-2023,Electronics,368.77,16.91,Premium,8821.63,43,15857.109999999999
12-02-2023,Sports,584.78,46.4,Occasional,8840.86,24,14034.72
13-02-2023,Fashion,635.94,11.23,Occasional,6624.55,31,19714.140000000003
14-02-2023,Fashion,22.96,18.61,Premium,2191.2,18,413.28000000000003
15-02-2023,Electronics,666.9,21.6,Regular,8643.67,34,22674.6
16-02-2023,Fashion,186.26,21.97,Occasional,8872.33,16,2980.16
17-02-2023,Toys,961.46,30.65,Regular,2046.87,36,34612.56
18-02-2023,Fashion,157.18,47.15,Regular,7400.52,33,5186.9400000000005
19-02-2023,Sports,420.48,12.03,Occasional,2936.54,41,17239.68
20-02-2023,Sports,94.5,6.08,Regular,8046.14,31,2929.5
21-02-2023,Sports,996.91,9.87,Regular,9972.66,25,24922.75
22-02-2023,Sports,507.17,44.35,Premium,397.26,36,18258.12
23-02-2023,Toys,599.43,32.29,Regular,8983.92,49,29372.069999999996
24-02-2023,Home Decor,76.41,14.3,Premium,6264.04,23,1757.4299999999998
25-02-2023,Electronics,752.46,40.8,Occasional,9736.49,32,24078.72
26-02-2023,Sports,217.81,43.07,Occasional,4703.59,23,5009.63
27-02-2023,Fashion,899.07,42.33,Premium,8489.14,28,25173.960000000003
28-02-2023,Sports,213.09,45.95,Occasional,717.7,34,7245.06
01-03-2023,Fashion,198.78,12.61,Regular,3419.26,24,4770.72
02-03-2023,Fashion,46.18,37.75,Regular,763.46,13,600.34
03-03-2023,Sports,477.35,23.03,Regular,9755.9,22,10501.7
04-03-2023,Toys,569.19,42.1,Occasional,8188.04,41,23336.79
05-03-2023,Fashion,75.05,36.42,Regular,8540.22,18,1350.8999999999999
06-03-2023,Fashion,777.77,38.82,Occasional,9385.86,24,18666.48
07-03-2023,Sports,458.76,32.81,Regular,942.52,27,12386.52
08-03-2023,Fashion,529.15,8.87,Premium,3917.42,27,14287.05
09-03-2023,Fashion,446.36,27.25,Occasional,803.25,39,17408.04
10-03-2023,Sports,406.76,49.23,Occasional,2186.85,37,15050.119999999999
11-03-2023,Sports,564.04,46.87,Regular,2370.72,33,18613.32
12-03-2023,Electronics,163.69,2.16,Occasional,4744.16,24,3928.56
13-03-2023,Toys,190.11,8.24,Occasional,2758.77,34,6463.740000000001
14-03-2023,Toys,863.17,6.59,Premium,1099.68,34,29347.78
15-03-2023,Fashion,946.65,36.3,Premium,1758.16,31,29346.149999999998
16-03-2023,Toys,379.58,40.89,Regular,1558.03,35,13285.3
17-03-2023,Fashion,278.04,10.68,Premium,9733.46,33,9175.320000000002
18-03-2023,Electronics,647.56,25.29,Regular,7617.0,24,15541.439999999999
19-03-2023,Sports,414.65,42.04,Regular,9680.84,23,9536.949999999999
20-03-2023,Sports,35.13,36.64,Regular,4453.43,40,1405.2
21-03-2023,Sports,164.59,27.11,Occasional,2855.85,15,2468.85
22-03-2023,Toys,718.81,29.52,Premium,8003.1,31,22283.109999999997
23-03-2023,Electronics,662.33,25.42,Regular,3329.91,32,21194.56
24-03-2023,Toys,36.83,14.88,Premium,3063.9,39,1436.37
25-03-2023,Toys,229.75,28.25,Regular,2401.81,27,6203.25
26-03-2023,Electronics,238.76,34.44,Premium,1383.82,34,8117.84
27-03-2023,Electronics,675.17,43.67,Premium,2638.98,34,22955.78
28-03-2023,Electronics,29.51,31.81,Regular,3617.67,33,973.83
29-03-2023,Electronics,113.07,38.06,Occasional,6772.54,34,3844.3799999999997
30-03-2023,Sports,801.92,8.0,Premium,719.39,33,26463.359999999997
31-03-2023,Home Decor,186.76,23.08,Occasional,2184.02,25,4669.0
01-04-2023,Home Decor,656.22,0.47,Occasional,8109.33,31,20342.82
02-04-2023,Electronics,245.8,12.33,Regular,1554.53,22,5407.6
03-04-2023,Home Decor,108.45,36.32,Regular,3492.19,35,3795.75
04-04-2023,Home Decor,250.74,49.59,Regular,8660.12,29,7271.46
05-04-2023,Electronics,725.04,4.96,Premium,1633.76,34,24651.36
06-04-2023,Home Decor,857.14,20.07,Regular,919.09,31,26571.34
07-04-2023,Toys,831.92,40.0,Regular,4896.93,27,22461.84
08-04-2023,Fashion,403.21,10.2,Premium,3093.95,31,12499.51
09-04-2023,Fashion,671.4,27.75,Premium,5677.74,28,18799.2
10-04-2023,Electronics,212.93,36.65,Regular,8057.67,37,7878.41
11-04-2023,Sports,300.22,30.8,Regular,1457.77,32,9607.04
12-04-2023,Electronics,897.37,9.4,Regular,5848.92,18,16152.66
13-04-2023,Sports,22.87,17.77,Regular,5104.54,28,640.36
14-04-2023,Fashion,94.65,39.19,Occasional,1526.38,35,3312.75
15-04-2023,Electronics,215.81,27.71,Occasional,6277.59,35,7553.35
16-04-2023,Toys,36.27,0.26,Regular,2809.04,18,652.86
17-04-2023,Home Decor,189.62,38.05,Occasional,4929.56,31,5878.22
18-04-2023,Sports,587.21,1.77,Premium,914.5,24,14093.04
19-04-2023,Home Decor,427.21,37.29,Occasional,4649.88,36,15379.56
20-04-2023,Home Decor,893.74,10.12,Occasional,3133.99,22,19662.28
21-04-2023,Electronics,819.27,47.9,Regular,8241.57,29,23758.829999999998
22-04-2023,Home Decor,348.4,18.4,Occasional,664.09,30,10452.0
23-04-2023,Toys,266.83,16.35,Occasional,4244.21,23,6137.089999999999
24-04-2023,Home Decor,385.9,7.44,Occasional,4638.47,22,8489.8
25-04-2023,Electronics,594.39,15.28,Occasional,7277.56,39,23181.21
26-04-2023,Toys,275.38,43.83,Premium,5785.45,19,5232.22
27-04-2023,Fashion,627.91,49.82,Regular,6705.4,28,17581.48
28-04-2023,Home Decor,415.32,18.42,Regular,7792.79,40,16612.8
29-04-2023,Electronics,556.53,22.43,Premium,8635.81,24,13356.72
30-04-2023,Fashion,441.77,36.1,Occasional,3207.37,24,10602.48
01-05-2023,Fashion,301.52,44.31,Premium,5426.42,33,9950.16
02-05-2023,Sports,948.97,29.65,Occasional,8417.07,29,27520.13
03-05-2023,Toys,765.97,19.58,Premium,9895.57,30,22979.100000000002
04-05-2023,Home Decor,148.71,20.63,Regular,8906.24,37,5502.27
05-05-2023,Electronics,869.78,34.78,Regular,3777.53,37,32181.86
06-05-2023,Sports,492.56,0.16,Regular,2032.15,22,10836.32
07-05-2023,Toys,895.61,30.98,Occasional,4944.99,24,21494.64
08-05-2023,Sports,801.86,17.77,Occasional,7442.25,19,15235.34
09-05-2023,Toys,430.96,39.71,Premium,4976.43,22,9481.119999999999
10-05-2023,Toys,32.24,4.65,Premium,4883.49,46,1483.0400000000002
11-05-2023,Home Decor,275.99,29.41,Regular,8398.48,34,9383.66
12-05-2023,Toys,546.22,24.05,Occasional,3677.9,30,16386.600000000002
13-05-2023,Sports,637.14,32.12,Premium,8611.97,33,21025.62
14-05-2023,Toys,265.31,3.24,Occasional,4127.37,13,3449.03
15-05-2023,Home Decor,147.96,29.0,Occasional,3349.51,31,4586.76
16-05-2023,Home Decor,836.58,28.07,Regular,4594.5,31,25933.98
18-05-2023,Fashion,530.43,30.17,Occasional,1347.42,22,11669.46
19-05-2023,Fashion,179.96,33.82,Occasional,2044.55,50,8998.0
20-05-2023,Toys,279.58,40.25,Occasional,9519.3,24,6709.92
21-05-2023,Electronics,28.21,13.49,Occasional,1837.37,32,902.72
22-05-2023,Toys,915.16,41.25,Regular,5720.5,35,32030.6
23-05-2023,Sports,126.57,24.91,Premium,5835.21,35,4429.95
24-05-2023,Sports,580.75,3.85,Regular,4947.28,31,18003.25
25-05-2023,Sports,281.31,2.93,Premium,6482.98,34,9564.54
26-05-2023,Sports,558.64,16.71,Occasional,2375.28,22,12290.08
27-05-2023,Sports,654.91,39.24,Premium,5571.36,38,24886.579999999998
28-05-2023,Home Decor,831.44,35.38,Regular,3784.52,29,24111.760000000002
29-05-2023,Fashion,214.36,39.43,Regular,6650.51,41,8788.76
30-05-2023,Sports,20.89,25.86,Occasional,1498.11,24,501.36
31-05-2023,Electronics,145.52,22.01,Regular,5751.69,36,5238.72
01-06-2023,Electronics,901.02,7.37,Occasional,1934.18,29,26129.579999999998
02-06-2023,Electronics,875.15,16.41,Regular,2858.57,22,19253.3
03-06-2023,Electronics,601.44,21.7,Regular,2265.23,25,15036.000000000002
04-06-2023,Home Decor,604.51,4.43,Occasional,1910.09,28,16926.28
05-06-2023,Electronics,668.39,11.03,Premium,8274.54,34,22725.26
06-06-2023,Sports,183.62,29.91,Regular,2928.5,17,3121.54
07-06-2023,Toys,915.27,36.78,Premium,9278.53,21,19220.67
08-06-2023,Electronics,424.58,49.92,Regular,9702.27,27,11463.66
09-06-2023,Home Decor,389.31,46.66,Regular,5755.48,38,14793.78
10-06-2023,Home Decor,523.73,32.13,Regular,1515.71,26,13616.98
11-06-2023,Electronics,56.5,21.06,Regular,3808.03,23,1299.5
12-06-2023,Toys,174.62,31.81,Premium,7997.55,23,4016.26
13-06-2023,Electronics,740.65,39.28,Premium,3737.17,24,17775.6
14-06-2023,Home Decor,91.97,5.92,Regular,961.47,28,2575.16
15-06-2023,Fashion,607.12,20.5,Regular,5612.17,18,10928.16
16-06-2023,Sports,252.9,41.99,Premium,8466.7,42,10621.800000000001
17-06-2023,Home Decor,395.4,19.19,Occasional,7979.67,45,17793.0
18-06-2023,Electronics,295.81,28.59,Occasional,1833.72,23,6803.63
19-06-2023,Sports,362.12,29.39,Premium,6760.37,38,13760.56
20-06-2023,Electronics,721.86,9.22,Regular,2282.99,22,15880.92
21-06-2023,Electronics,304.15,18.11,Regular,2260.25,43,13078.449999999999
22-06-2023,Fashion,570.74,16.73,Occasional,8753.31,33,18834.420000000002
23-06-2023,Sports,481.29,1.31,Occasional,2571.72,24,11550.960000000001
24-06-2023,Sports,667.03,1.21,Premium,2706.15,25,16675.75
25-06-2023,Fashion,937.46,41.58,Occasional,106.47,37,34686.020000000004
26-06-2023,Home Decor,735.25,13.65,Premium,8719.62,37,27204.25
27-06-2023,Electronics,222.79,25.9,Occasional,7946.69,31,6906.49
28-06-2023,Toys,40.87,14.94,Occasional,6310.56,23,940.01
29-06-2023,Electronics,269.64,47.03,Occasional,7527.63,34,9167.76
30-06-2023,Electronics,599.13,12.96,Regular,1605.28,38,22766.94
01-07-2023,Home Decor,60.91,21.48,Regular,4637.4,34,2070.94
02-07-2023,Electronics,501.4,43.64,Regular,3577.07,18,9025.199999999999
03-07-2023,Fashion,600.87,42.1,Occasional,1028.39,24,14420.880000000001
04-07-2023,Fashion,340.9,9.31,Premium,4912.69,29,9886.099999999999
05-07-2023,Sports,773.2,40.13,Premium,9215.32,38,29381.600000000002
06-07-2023,Toys,115.53,22.91,Premium,496.59,38,4390.14
07-07-2023,Electronics,84.39,24.15,Premium,2985.46,24,2025.3600000000001
08-07-2023,Electronics,730.91,6.67,Regular,2154.66,25,18272.75
09-07-2023,Home Decor,500.54,4.03,Regular,2457.65,34,17018.36
10-07-2023,Fashion,691.52,36.4,Occasional,9093.5,31,21437.12
11-07-2023,Toys,440.48,24.82,Occasional,4733.88,18,7928.64
12-07-2023,Sports,253.94,21.84,Premium,4716.36,39,9903.66
13-07-2023,Fashion,820.91,36.48,Regular,7629.7,26,21343.66
14-07-2023,Sports,801.42,38.28,Premium,1629.47,38,30453.96
15-07-2023,Home Decor,697.75,7.95,Occasional,4923.93,38,26514.5
16-07-2023,Home Decor,279.42,30.51,Occasional,4356.85,26,7264.92
17-07-2023,Electronics,594.33,6.77,Premium,6009.42,20,11886.6
18-07-2023,Toys,367.36,37.57,Occasional,9995.62,38,13959.68
19-07-2023,Sports,100.67,32.85,Premium,7717.54,33,3322.11
20-07-2023,Fashion,918.14,47.83,Regular,4038.87,24,22035.36
21-07-2023,Home Decor,145.45,3.45,Premium,8292.78,31,4508.95
22-07-2023,Electronics,950.73,2.85,Regular,1790.01,32,30423.36
23-07-2023,Electronics,451.55,14.11,Regular,401.59,24,10837.2
24-07-2023,Sports,193.28,13.09,Occasional,2124.04,28,5411.84
25-07-2023,Home Decor,546.48,12.35,Occasional,3470.07,41,22405.68
26-07-2023,Toys,874.22,45.31,Occasional,5154.75,43,37591.46
27-07-2023,Home Decor,734.9,12.48,Premium,6189.78,34,24986.6
28-07-2023,Sports,808.5,13.6,Premium,9115.0,18,14553.0
29-07-2023,Sports,662.2,37.97,Occasional,5147.55,27,17879.4
30-07-2023,Home Decor,695.35,22.49,Premium,5062.63,37,25727.95
31-07-2023,Sports,850.7,38.84,Occasional,597.41,33,28073.100000000002
01-08-2023,Home Decor,257.17,3.27,Premium,445.62,41,10543.970000000001
02-08-2023,Fashion,494.53,24.38,Regular,5556.48,30,14835.9
03-08-2023,Home Decor,229.0,1.68,Regular,4437.97,35,8015.0
04-08-2023,Home Decor,987.79,3.13,Occasional,8407.89,27,26670.329999999998
05-08-2023,Sports,944.62,45.32,Premium,1690.73,39,36840.18
06-08-2023,Sports,49.03,6.96,Premium,347.22,33,1617.99
07-08-2023,Electronics,708.52,26.62,Regular,4545.48,33,23381.16
08-08-2023,Electronics,926.0,20.55,Regular,2451.04,29,26854.0
09-08-2023,Fashion,188.77,17.37,Occasional,591.18,24,4530.4800000000005
10-08-2023,Electronics,572.27,44.99,Regular,7273.52,29,16595.829999999998
11-08-2023,Home Decor,916.33,1.09,Occasional,1204.77,29,26573.57
12-08-2023,Sports,43.61,33.19,Regular,6122.36,34,1482.74
13-08-2023,Electronics,700.45,48.17,Regular,2882.39,30,21013.5
14-08-2023,Electronics,304.38,28.01,Premium,1817.61,34,10348.92
15-08-2023,Fashion,925.15,46.84,Regular,3859.54,38,35155.7
16-08-2023,Fashion,971.35,2.61,Regular,8034.31,33,32054.55
17-08-2023,Home Decor,944.82,20.94,Occasional,3981.73,23,21730.86
18-08-2023,Sports,479.47,13.01,Regular,7532.62,29,13904.630000000001
19-08-2023,Fashion,863.42,36.54,Occasional,1342.31,34,29356.28
20-08-2023,Electronics,846.1,49.06,Regular,7750.44,23,19460.3
21-08-2023,Sports,325.91,12.83,Regular,2445.64,44,14340.04
22-08-2023,Sports,830.63,32.71,Occasional,6806.19,23,19104.49
23-08-2023,Electronics,46.64,9.9,Premium,5701.24,38,1772.32
24-08-2023,Fashion,600.31,28.27,Occasional,9298.53,37,22211.469999999998
25-08-2023,Electronics,237.71,23.2,Occasional,3934.49,17,4041.07
26-08-2023,Sports,129.36,48.6,Occasional,755.04,26,3363.3600000000006
27-08-2023,Toys,86.18,30.43,Premium,289.64,37,3188.6600000000003
28-08-2023,Toys,699.33,17.48,Regular,8285.9,21,14685.93
29-08-2023,Home Decor,346.48,5.7,Occasional,5294.88,29,10047.92
30-08-2023,Electronics,727.52,7.56,Occasional,7774.92,26,18915.52
31-08-2023,Electronics,74.7,11.27,Premium,2420.81,29,2166.3
01-09-2023,Home Decor,322.14,12.55,Occasional,3516.33,33,10630.619999999999
02-09-2023,Home Decor,544.1,42.53,Regular,398.03,29,15778.900000000001
03-09-2023,Home Decor,792.82,28.06,Premium,9618.77,31,24577.420000000002
04-09-2023,Sports,325.56,26.17,Regular,6711.89,30,9766.8
05-09-2023,Electronics,629.63,5.74,Regular,9338.73,35,22037.05
06-09-2023,Sports,887.12,43.01,Premium,2728.41,23,20403.76
07-09-2023,Home Decor,619.7,36.14,Occasional,6153.49,30,18591.0
08-09-2023,Electronics,240.63,3.38,Regular,6817.15,41,9865.83
09-09-2023,Sports,34.16,35.39,Regular,3243.74,19,649.04
10-09-2023,Sports,871.4,27.18,Regular,8496.28,30,26142.0
11-09-2023,Home Decor,31.06,4.09,Regular,9476.9,29,900.74
12-09-2023,Electronics,875.95,22.92,Premium,8860.07,40,35038.0
13-09-2023,Home Decor,533.65,24.23,Premium,7416.76,30,16009.5
14-09-2023,Electronics,939.68,8.29,Regular,2846.9,27,25371.359999999997
15-09-2023,Toys,800.8,47.28,Occasional,2888.0,23,18418.399999999998
16-09-2023,Fashion,997.95,42.5,Regular,9637.27,35,34928.25
17-09-2023,Fashion,357.2,33.45,Occasional,201.82,35,12502.0
18-09-2023,Fashion,769.52,23.11,Regular,7188.89,35,26933.2
19-09-2023,Home Decor,407.91,20.59,Occasional,7091.84,5,2039.5500000000002
20-09-2023,Toys,485.08,32.55,Regular,6264.63,27,13097.16
21-09-2023,Electronics,631.23,27.27,Occasional,9902.08,28,17674.440000000002
22-09-2023,Sports,874.94,3.11,Regular,3187.61,14,12249.16
23-09-2023,Electronics,984.24,25.63,Regular,3465.72,22,21653.28
24-09-2023,Sports,770.59,40.32,Occasional,881.5,22,16952.98
25-09-2023,Electronics,423.59,22.96,Premium,4483.7,31,13131.289999999999
26-09-2023,Toys,427.14,2.6,Occasional,2684.38,26,11105.64
27-09-2023,Sports,740.21,39.31,Premium,3499.53,26,19245.46
28-09-2023,Home Decor,246.39,10.07,Regular,8362.26,25,6159.75
29-09-2023,Electronics,119.37,12.93,Occasional,9361.3,19,2268.03
30-09-2023,Electronics,361.08,8.24,Occasional,1938.76,14,5055.12
01-10-2023,Sports,294.37,16.51,Occasional,3787.84,31,9125.47
02-10-2023,Home Decor,303.35,37.84,Premium,9293.44,32,9707.2
03-10-2023,Home Decor,241.27,25.97,Premium,711.9,39,9409.53
04-10-2023,Toys,51.67,10.24,Regular,1014.37,28,1446.76
05-10-2023,Home Decor,27.7,43.89,Premium,1711.63,23,637.1
06-10-2023,Home Decor,987.85,43.98,Premium,5992.61,35,34574.75
07-10-2023,Home Decor,433.5,43.53,Regular,1589.68,30,13005.0
08-10-2023,Fashion,390.48,11.94,Occasional,9683.96,37,14447.76
09-10-2023,Toys,682.85,22.56,Occasional,4522.47,36,24582.600000000002
10-10-2023,Electronics,226.07,49.25,Regular,5065.03,38,8590.66
11-10-2023,Sports,950.46,38.6,Occasional,2541.92,30,28513.800000000003
12-10-2023,Electronics,788.48,1.36,Premium,4762.51,26,20500.48
13-10-2023,Toys,98.52,3.26,Regular,6652.94,19,1871.8799999999999
14-10-2023,Sports,423.4,23.2,Regular,7536.65,43,18206.2
15-10-2023,Toys,880.33,45.46,Regular,7563.29,22,19367.260000000002
16-10-2023,Home Decor,945.28,26.94,Occasional,5821.12,35,33084.799999999996
17-10-2023,Sports,472.73,24.89,Regular,9053.16,37,17491.010000000002
18-10-2023,Home Decor,617.28,5.27,Regular,8192.34,36,22222.079999999998
19-10-2023,Electronics,175.36,32.84,Regular,7594.78,23,4033.28
20-10-2023,Electronics,991.26,41.11,Occasional,650.49,15,14868.9
21-10-2023,Sports,239.35,19.02,Premium,168.09,36,8616.6
22-10-2023,Sports,943.3,38.78,Regular,2203.23,38,35845.4
23-10-2023,Toys,653.15,48.22,Premium,6668.88,32,20900.8
24-10-2023,Toys,611.66,10.19,Occasional,4170.86,26,15903.16
25-10-2023,Home Decor,517.56,26.17,Occasional,4083.82,33,17079.48
26-10-2023,Sports,238.36,14.36,Occasional,8857.41,29,6912.4400000000005
27-10-2023,Electronics,184.76,39.64,Occasional,8966.07,34,6281.84
28-10-2023,Toys,228.28,28.88,Premium,9100.84,22,5022.16
29-10-2023,Toys,194.57,31.73,Regular,3207.39,22,4280.54
30-10-2023,Electronics,781.79,39.9,Occasional,6941.45,39,30489.809999999998
31-10-2023,Toys,356.62,19.8,Occasional,2789.17,35,12481.7
01-11-2023,Home Decor,67.26,45.75,Premium,1987.04,41,2757.6600000000003
02-11-2023,Sports,969.41,26.65,Premium,1927.86,28,27143.48
03-11-2023,Electronics,884.95,7.9,Occasional,3486.87,27,23893.65
04-11-2023,Sports,928.47,34.79,Regular,4356.58,34,31567.98
05-11-2023,Toys,994.96,39.66,Regular,8326.4,39,38803.44
06-11-2023,Toys,182.16,15.84,Occasional,1286.92,36,6557.76
07-11-2023,Electronics,402.28,42.86,Premium,7375.77,18,7241.039999999999
08-11-2023,Home Decor,760.66,45.31,Occasional,5361.4,29,22059.14
09-11-2023,Fashion,699.06,13.85,Occasional,2950.66,25,17476.5
10-11-2023,Electronics,162.36,49.18,Premium,4978.91,29,4708.4400000000005
11-11-2023,Fashion,817.67,7.04,Occasional,3069.43,17,13900.39
12-11-2023,Fashion,232.2,10.1,Occasional,6001.21,33,7662.599999999999
13-11-2023,Home Decor,231.58,9.21,Occasional,4395.05,34,7873.72
14-11-2023,Fashion,541.6,44.7,Premium,1727.61,29,15706.400000000001
15-11-2023,Fashion,597.01,32.71,Regular,1254.17,18,10746.18
16-11-2023,Home Decor,584.29,7.61,Regular,5512.29,18,10517.22
17-11-2023,Fashion,100.57,22.02,Premium,9033.89,22,2212.54
18-11-2023,Fashion,878.69,30.76,Regular,3505.18,14,12301.66
19-11-2023,Fashion,272.94,4.17,Occasional,7356.7,38,10371.72
20-11-2023,Electronics,138.22,44.12,Regular,6620.75,33,4561.26
21-11-2023,Electronics,889.86,40.18,Occasional,9322.39,29,25805.94
22-11-2023,Electronics,956.09,25.26,Regular,8227.71,27,25814.43
23-11-2023,Home Decor,863.51,48.36,Premium,5709.39,32,27632.32
24-11-2023,Toys,811.42,20.89,Regular,6604.6,31,25154.02
25-11-2023,Fashion,658.69,49.21,Regular,8994.03,30,19760.7
26-11-2023,Fashion,555.35,33.4,Regular,4055.24,38,21103.3
27-11-2023,Home Decor,96.12,31.73,Premium,3335.27,37,3556.44
28-11-2023,Fashion,414.37,8.3,Regular,207.03,46,19061.02
29-11-2023,Electronics,378.96,44.1,Premium,8282.86,24,9095.039999999999
30-11-2023,Toys,267.16,21.37,Occasional,8029.71,23,6144.68
01-12-2023,Sports,726.19,8.11,Regular,1134.1,45,32678.550000000003
02-12-2023,Fashion,500.92,0.63,Premium,5810.89,32,16029.44
03-12-2023,Electronics,90.24,27.99,Premium,4693.42,37,3338.8799999999997
04-12-2023,Sports,227.98,26.37,Regular,1275.22,36,8207.279999999999
05-12-2023,Toys,686.43,35.97,Occasional,9807.63,32,21965.76
06-12-2023,Sports,85.37,44.51,Premium,2225.49,32,2731.84
07-12-2023,Electronics,852.69,3.97,Regular,765.62,21,17906.49
08-12-2023,Sports,500.2,36.57,Occasional,5988.99,23,11504.6
09-12-2023,Home Decor,485.78,9.37,Premium,7414.78,24,11658.72
10-12-2023,Sports,596.48,42.91,Premium,421.19,24,14315.52
11-12-2023,Fashion,826.43,40.95,Occasional,6621.3,23,19007.89
12-12-2023,Fashion,354.33,27.04,Occasional,5369.69,31,10984.23
13-12-2023,Home Decor,681.24,35.51,Regular,1122.32,30,20437.2
14-12-2023,Electronics,570.07,15.72,Regular,1807.99,16,9121.12
15-12-2023,Fashion,274.36,23.56,Premium,5722.95,38,10425.68
16-12-2023,Toys,879.84,41.08,Occasional,3033.94,21,18476.64
17-12-2023,Fashion,799.45,22.96,Occasional,9389.33,14,11192.300000000001
18-12-2023,Fashion,661.87,17.89,Occasional,8205.53,33,21841.71
19-12-2023,Electronics,852.08,24.71,Premium,9837.32,36,30674.88
20-12-2023,Sports,868.62,41.41,Occasional,2670.74,31,26927.22
21-12-2023,Fashion,711.28,16.76,Occasional,9700.26,25,17782.0
22-12-2023,Home Decor,838.64,8.69,Premium,4369.22,47,39416.08
23-12-2023,Sports,700.5,35.6,Regular,3540.44,37,25918.5
24-12-2023,Toys,683.34,41.3,Regular,598.46,43,29383.620000000003
25-12-2023,Electronics,622.43,5.03,Premium,622.38,43,26764.489999999998
26-12-2023,Toys,755.19,11.99,Occasional,6950.91,31,23410.890000000003
27-12-2023,Sports,167.02,7.1,Premium,4633.5,24,4008.4800000000005
28-12-2023,Sports,882.06,17.4,Regular,2342.56,28,24697.68
29-12-2023,Sports,873.13,22.52,Regular,6178.31,20,17462.6
30-12-2023,Toys,38.95,37.44,Premium,2603.3,33,1285.3500000000001
31-12-2023,Sports,827.56,32.56,Premium,5818.55,20,16551.199999999997
01-01-2024,Toys,137.58,31.05,Regular,3656.17,28,3852.2400000000002
02-01-2024,Sports,341.77,17.62,Premium,8253.17,31,10594.869999999999
03-01-2024,Home Decor,746.07,42.07,Regular,8224.89,32,23874.24
04-01-2024,Sports,169.15,23.56,Premium,4825.77,46,7780.900000000001
05-01-2024,Toys,819.79,48.96,Premium,3573.11,25,20494.75
06-01-2024,Fashion,833.81,31.71,Premium,3689.34,29,24180.489999999998
07-01-2024,Sports,512.39,6.31,Regular,8076.57,33,16908.87
08-01-2024,Fashion,16.32,33.81,Premium,3348.98,38,620.16
09-01-2024,Home Decor,294.17,16.26,Regular,2169.69,24,7060.08
10-01-2024,Electronics,620.76,34.32,Regular,938.41,44,27313.44
11-01-2024,Home Decor,981.37,3.48,Premium,4720.26,14,13739.18
12-01-2024,Sports,635.5,8.74,Premium,4873.11,32,20336.0
13-01-2024,Fashion,267.21,42.79,Regular,8425.0,20,5344.2
14-01-2024,Fashion,637.67,11.36,Regular,2290.26,33,21043.109999999997
15-01-2024,Toys,544.59,41.85,Occasional,3871.81,26,14159.34
16-01-2024,Fashion,782.05,13.96,Regular,8103.22,35,27371.75
17-01-2024,Toys,115.91,32.14,Occasional,8253.87,37,4288.67
18-01-2024,Electronics,763.42,34.71,Occasional,3907.65,27,20612.34
19-01-2024,Sports,545.85,25.63,Occasional,4645.33,23,12554.550000000001
20-01-2024,Toys,963.36,15.27,Premium,3102.53,24,23120.64
21-01-2024,Electronics,348.45,10.63,Premium,9332.29,30,10453.5
22-01-2024,Fashion,636.3,1.66,Regular,1274.57,38,24179.399999999998
23-01-2024,Fashion,932.71,15.2,Occasional,9344.12,34,31712.14
24-01-2024,Electronics,111.48,32.66,Premium,6870.28,40,4459.2
25-01-2024,Fashion,937.86,46.92,Premium,5362.56,18,16881.48
26-01-2024,Electronics,691.01,43.56,Premium,423.32,29,20039.29
27-01-2024,Toys,77.16,38.3,Premium,4808.4,42,3240.72
28-01-2024,Toys,307.95,39.42,Premium,4136.71,26,8006.7
29-01-2024,Electronics,711.09,33.25,Occasional,1696.07,18,12799.62
30-01-2024,Toys,76.68,13.01,Occasional,6598.46,24,1840.3200000000002
31-01-2024,Toys,586.35,45.36,Occasional,9714.39,27,15831.45
01-02-2024,Toys,352.42,33.54,Occasional,5665.67,19,6695.9800000000005
02-02-2024,Home Decor,624.71,28.02,Regular,7176.06,31,19366.010000000002
03-02-2024,Sports,55.28,5.55,Occasional,777.66,24,1326.72
04-02-2024,Fashion,872.82,22.35,Premium,4234.9,28,24438.960000000003
05-02-2024,Home Decor,973.75,23.02,Occasional,1251.95,24,23370.0
06-02-2024,Toys,969.19,43.23,Regular,6166.68,26,25198.940000000002
07-02-2024,Electronics,752.16,27.33,Premium,9390.97,34,25573.44
08-02-2024,Toys,138.79,19.02,Occasional,6651.6,17,2359.43
09-02-2024,Sports,760.68,48.84,Occasional,860.35,26,19777.68
10-02-2024,Toys,34.34,5.54,Occasional,3611.2,26,892.8400000000001
11-02-2024,Electronics,31.9,21.13,Premium,5551.57,36,1148.3999999999999
12-02-2024,Sports,330.37,2.1,Premium,4091.76,32,10571.84
13-02-2024,Toys,493.76,37.0,Regular,8353.08,34,16787.84
14-02-2024,Sports,772.7,45.9,Premium,8165.24,45,34771.5
15-02-2024,Fashion,686.46,14.0,Premium,6157.13,22,15102.12
16-02-2024,Fashion,451.44,42.92,Occasional,3797.23,31,13994.64
17-02-2024,Toys,280.89,14.61,Premium,2627.83,32,8988.48
18-02-2024,Sports,997.15,45.54,Occasional,1148.16,21,20940.149999999998
19-02-2024,Electronics,431.92,37.7,Occasional,3613.49,20,8638.4
20-02-2024,Toys,456.87,40.25,Premium,4190.41,26,11878.62
21-02-2024,Fashion,171.99,0.9,Regular,6790.65,26,4471.74
22-02-2024,Fashion,796.86,48.14,Regular,6615.78,30,23905.8
23-02-2024,Toys,696.75,36.33,Premium,794.07,33,22992.75
24-02-2024,Sports,228.56,15.24,Regular,4013.07,36,8228.16
25-02-2024,Fashion,91.56,41.47,Occasional,1899.61,19,1739.64
26-02-2024,Sports,683.69,14.08,Occasional,1652.45,27,18459.63
27-02-2024,Fashion,657.97,43.64,Premium,8290.29,31,20397.07
28-02-2024,Fashion,280.53,5.63,Regular,514.96,28,7854.839999999999
29-02-2024,Home Decor,951.35,35.18,Regular,4249.91,20,19027.0
01-03-2024,Fashion,159.55,27.03,Occasional,1765.22,35,5584.25
02-03-2024,Electronics,438.01,4.83,Premium,8805.37,26,11388.26
03-03-2024,Toys,944.18,12.09,Regular,5614.7,32,30213.76
04-03-2024,Toys,425.53,0.62,Premium,2390.67,39,16595.67
05-03-2024,Sports,642.14,23.44,Regular,5074.03,40,25685.6
06-03-2024,Fashion,403.62,15.06,Occasional,7341.71,17,6861.54
07-03-2024,Electronics,281.47,29.92,Occasional,9585.37,29,8162.630000000001
08-03-2024,Sports,984.14,14.86,Premium,2282.42,34,33460.76
09-03-2024,Home Decor,415.24,15.0,Occasional,8873.2,35,14533.4
10-03-2024,Sports,895.16,37.16,Regular,9349.61,14,12532.24
11-03-2024,Sports,237.66,2.41,Occasional,9172.56,37,8793.42
12-03-2024,Fashion,220.97,45.14,Premium,6390.6,20,4419.4
13-03-2024,Home Decor,40.82,42.61,Premium,6335.22,15,612.3
14-03-2024,Sports,655.15,33.39,Premium,4091.79,26,17033.899999999998
15-03-2024,Electronics,374.84,29.66,Regular,7548.74,32,11994.88
16-03-2024,Electronics,865.71,44.62,Regular,5359.81,40,34628.4
17-03-2024,Toys,478.48,9.27,Regular,6806.64,26,12440.48
18-03-2024,Home Decor,968.51,3.95,Regular,4341.73,25,24212.75
19-03-2024,Home Decor,193.67,11.98,Regular,7341.81,33,6391.11
20-03-2024,Toys,869.94,39.73,Occasional,8262.27,15,13049.1
21-03-2024,Sports,778.83,1.73,Regular,1549.72,26,20249.58
22-03-2024,Home Decor,773.21,29.14,Regular,8346.0,23,17783.83
23-03-2024,Electronics,846.34,49.77,Occasional,5448.94,36,30468.24
24-03-2024,Electronics,763.41,42.78,Regular,8462.19,19,14504.789999999999
25-03-2024,Fashion,629.96,26.07,Premium,4369.89,33,20788.68
26-03-2024,Home Decor,139.93,3.18,Regular,3852.5,30,4197.900000000001
27-03-2024,Sports,42.2,41.57,Regular,9159.1,28,1181.6000000000001
28-03-2024,Toys,921.64,29.95,Premium,2586.58,30,27649.2
29-03-2024,Toys,620.48,5.75,Premium,8457.7,26,16132.48
30-03-2024,Sports,798.57,4.69,Premium,4891.8,20,15971.400000000001
31-03-2024,Fashion,486.71,45.48,Premium,5189.54,31,15088.01
01-04-2024,Toys,126.14,33.46,Regular,3153.84,31,3910.34
02-04-2024,Home Decor,133.93,41.46,Premium,5773.12,26,3482.1800000000003
03-04-2024,Fashion,688.71,43.95,Premium,3319.59,33,22727.43
04-04-2024,Home Decor,436.0,28.59,Occasional,488.77,29,12644.0
05-04-2024,Electronics,208.52,25.87,Premium,2792.79,24,5004.4800000000005
06-04-2024,Fashion,496.68,21.52,Premium,163.15,30,14900.4
07-04-2024,Toys,73.57,15.85,Occasional,9785.71,27,1986.3899999999999
08-04-2024,Fashion,586.15,21.73,Occasional,9660.9,30,17584.5
09-04-2024,Fashion,276.3,38.69,Regular,4012.04,22,6078.6
10-04-2024,Fashion,799.58,30.1,Occasional,7310.87,31,24786.98
11-04-2024,Fashion,317.26,44.63,Regular,3523.48,18,5710.68
12-04-2024,Home Decor,460.67,22.17,Occasional,6743.82,21,9674.07
13-04-2024,Electronics,21.5,30.35,Occasional,8073.76,35,752.5
14-04-2024,Sports,81.72,31.57,Regular,9472.89,29,2369.88
15-04-2024,Fashion,398.57,29.58,Occasional,4062.1,24,9565.68
16-04-2024,Toys,485.14,35.13,Regular,7854.65,26,12613.64
17-04-2024,Fashion,604.02,11.87,Occasional,2732.69,39,23556.78
18-04-2024,Toys,298.75,25.62,Premium,9904.29,26,7767.5
19-04-2024,Home Decor,698.03,5.21,Occasional,355.12,38,26525.14
20-04-2024,Toys,861.52,19.23,Regular,6074.94,39,33599.28
21-04-2024,Sports,782.05,24.38,Occasional,6629.11,43,33628.15
22-04-2024,Electronics,49.22,32.61,Regular,6911.65,27,1328.94
23-04-2024,Toys,485.7,47.53,Regular,1291.84,21,10199.699999999999
24-04-2024,Toys,113.88,30.03,Premium,9391.44,27,3074.7599999999998
25-04-2024,Electronics,249.62,37.18,Premium,1893.71,35,8736.7
26-04-2024,Sports,986.8,25.31,Regular,6265.26,24,23683.199999999997
27-04-2024,Fashion,151.07,31.71,Occasional,2304.49,25,3776.75
28-04-2024,Toys,503.9,3.55,Regular,3141.44,33,16628.7
29-04-2024,Electronics,621.97,12.72,Regular,5509.94,27,16793.190000000002
30-04-2024,Home Decor,705.44,18.09,Occasional,4230.21,16,11287.04
01-05-2024,Electronics,564.05,23.62,Occasional,1686.23,19,10716.949999999999
02-05-2024,Home Decor,19.67,2.28,Occasional,1792.27,24,472.08000000000004
03-05-2024,Sports,333.2,7.0,Occasional,4239.63,16,5331.2
04-05-2024,Fashion,522.53,13.84,Regular,7597.1,44,22991.32
05-05-2024,Electronics,96.99,48.58,Regular,8989.85,18,1745.82
06-05-2024,Toys,357.12,16.57,Premium,932.86,38,13570.56
07-05-2024,Sports,42.87,24.1,Regular,3991.73,27,1157.49
08-05-2024,Electronics,87.79,9.8,Occasional,1092.43,26,2282.54
09-05-2024,Toys,402.95,30.54,Premium,264.27,26,10476.699999999999
10-05-2024,Electronics,141.39,14.03,Occasional,6651.01,26,3676.1399999999994
11-05-2024,Home Decor,571.87,10.35,Regular,6064.25,38,21731.06
12-05-2024,Electronics,692.57,25.83,Premium,1713.89,28,19391.960000000003
13-05-2024,Electronics,802.58,0.28,Occasional,2414.75,22,17656.760000000002
14-05-2024,Electronics,208.15,0.38,Premium,334.71,34,7077.1
15-05-2024,Sports,175.81,10.95,Premium,8365.98,24,4219.4400000000005
16-05-2024,Electronics,113.52,1.84,Regular,9749.44,40,4540.8
17-05-2024,Toys,640.07,5.4,Occasional,1441.05,35,22402.45
18-05-2024,Home Decor,709.41,16.94,Premium,2391.6,31,21991.71
19-05-2024,Home Decor,41.27,40.13,Premium,8697.25,26,1073.02
20-05-2024,Electronics,936.85,28.6,Occasional,9271.99,30,28105.5
21-05-2024,Sports,61.45,25.63,Premium,4254.31,28,1720.6000000000001
22-05-2024,Sports,545.88,14.67,Premium,601.16,16,8734.08
23-05-2024,Toys,711.97,46.59,Premium,489.98,31,22071.07
24-05-2024,Electronics,872.26,19.85,Occasional,5782.1,21,18317.46
25-05-2024,Home Decor,716.95,4.35,Occasional,3989.66,32,22942.4
26-05-2024,Sports,803.71,30.85,Occasional,383.66,43,34559.53
27-05-2024,Electronics,346.06,5.69,Occasional,5874.2,35,12112.1
28-05-2024,Sports,816.68,17.26,Regular,211.9,21,17150.28
29-05-2024,Sports,89.31,25.37,Premium,7894.98,31,2768.61
30-05-2024,Home Decor,895.87,43.71,Occasional,3133.68,25,22396.75
31-05-2024,Fashion,552.12,24.68,Premium,498.55,40,22084.8
01-06-2024,Toys,819.12,35.11,Premium,5924.69,29,23754.48
02-06-2024,Toys,457.8,49.64,Regular,4037.08,22,10071.6
03-06-2024,Home Decor,647.14,6.57,Occasional,9740.62,32,20708.48
04-06-2024,Sports,531.14,13.74,Occasional,5487.57,28,14871.92
05-06-2024,Electronics,734.27,19.73,Premium,2824.87,47,34510.69
06-06-2024,Sports,90.81,21.09,Occasional,7123.44,52,4722.12
07-06-2024,Home Decor,69.75,20.55,Premium,2787.77,30,2092.5
08-06-2024,Toys,254.63,45.38,Premium,9052.01,26,6620.38
09-06-2024,Sports,167.95,35.7,Regular,3809.75,22,3694.8999999999996
10-06-2024,Toys,873.07,30.4,Regular,5543.7,28,24445.960000000003
11-06-2024,Electronics,227.02,15.47,Regular,600.67,21,4767.42
12-06-2024,Toys,976.11,41.19,Premium,4318.6,38,37092.18
13-06-2024,Toys,343.53,47.75,Occasional,8340.4,21,7214.129999999999
14-06-2024,Fashion,190.3,41.06,Regular,8075.92,32,6089.6
15-06-2024,Fashion,791.8,0.08,Occasional,2320.75,34,26921.199999999997
16-06-2024,Fashion,662.12,31.82,Regular,2338.18,28,18539.36
17-06-2024,Toys,503.21,2.56,Regular,8191.32,18,9057.779999999999
18-06-2024,Home Decor,559.81,12.88,Premium,9310.94,23,12875.63
19-06-2024,Toys,722.01,2.98,Regular,1044.07,29,20938.29
20-06-2024,Home Decor,236.17,30.19,Regular,4555.58,33,7793.61
21-06-2024,Home Decor,996.37,34.33,Premium,3440.8,30,29891.1
22-06-2024,Fashion,975.05,5.72,Occasional,8719.82,38,37051.9
23-06-2024,Sports,653.82,19.19,Regular,926.9,26,16999.32
24-06-2024,Electronics,207.55,22.81,Premium,2190.15,30,6226.5
25-06-2024,Fashion,683.43,18.45,Regular,7549.44,27,18452.609999999997
26-06-2024,Fashion,81.48,6.05,Premium,607.81,42,3422.1600000000003
27-06-2024,Sports,40.35,20.95,Occasional,4976.1,16,645.6
28-06-2024,Electronics,265.11,37.56,Occasional,4476.86,50,13255.5
29-06-2024,Toys,468.0,3.55,Premium,3410.57,32,14976.0
30-06-2024,Toys,869.59,4.01,Premium,4006.27,28,24348.52
01-07-2024,Fashion,729.9,17.74,Premium,5346.41,27,19707.3
02-07-2024,Electronics,745.28,47.09,Occasional,1697.54,41,30556.48
03-07-2024,Fashion,431.24,33.43,Regular,5762.76,32,13799.68
04-07-2024,Home Decor,352.48,33.93,Occasional,8073.78,25,8812.0
05-07-2024,Fashion,377.33,18.1,Premium,7625.59,42,15847.859999999999
06-07-2024,Fashion,987.77,29.68,Premium,1623.61,22,21730.94
07-07-2024,Toys,49.71,0.51,Occasional,1577.57,40,1988.4
08-07-2024,Toys,868.36,31.8,Premium,2754.93,35,30392.600000000002
09-07-2024,Toys,582.89,45.66,Occasional,3674.64,33,19235.37
10-07-2024,Home Decor,444.23,30.63,Premium,4143.71,22,9773.060000000001
11-07-2024,Toys,728.01,43.68,Regular,6829.0,35,25480.35
12-07-2024,Electronics,491.8,36.2,Regular,661.14,16,7868.8
13-07-2024,Sports,874.69,6.03,Premium,443.26,29,25366.010000000002
14-07-2024,Electronics,901.69,45.12,Occasional,3979.91,27,24345.63
15-07-2024,Electronics,427.5,3.32,Regular,7001.92,13,5557.5
16-07-2024,Toys,284.06,26.7,Occasional,2015.01,33,9373.98
17-07-2024,Sports,596.43,7.11,Premium,6450.89,31,18489.329999999998
18-07-2024,Sports,913.24,0.59,Occasional,2672.3,34,31050.16
19-07-2024,Sports,218.56,21.1,Regular,8872.25,40,8742.4
20-07-2024,Home Decor,626.74,14.75,Occasional,8967.33,28,17548.72
21-07-2024,Toys,635.24,24.3,Occasional,3043.14,15,9528.6
22-07-2024,Sports,735.78,28.86,Premium,2376.94,26,19130.28
23-07-2024,Home Decor,140.25,2.19,Premium,4171.91,37,5189.25
24-07-2024,Fashion,718.67,6.15,Premium,2481.26,31,22278.77
25-07-2024,Fashion,909.94,27.93,Regular,6756.6,36,32757.840000000004
26-07-2024,Home Decor,187.89,17.16,Regular,8278.04,34,6388.259999999999
27-07-2024,Home Decor,245.17,36.46,Premium,6763.61,26,6374.42
28-07-2024,Toys,971.68,32.61,Premium,8261.07,29,28178.719999999998
29-07-2024,Toys,189.17,42.28,Regular,4030.22,28,5296.759999999999
30-07-2024,Fashion,855.84,34.62,Regular,1647.54,31,26531.04
31-07-2024,Sports,497.36,21.5,Regular,7405.71,31,15418.16
01-08-2024,Fashion,254.76,33.65,Regular,3668.7,33,8407.08
02-08-2024,Sports,872.04,13.77,Premium,6745.58,34,29649.36
03-08-2024,Sports,450.85,15.32,Regular,2779.38,25,11271.25
04-08-2024,Toys,519.67,39.45,Premium,904.17,31,16109.769999999999
05-08-2024,Electronics,365.64,22.32,Occasional,9926.56,22,8044.08
06-08-2024,Electronics,597.02,39.92,Occasional,1646.39,30,17910.6
07-08-2024,Home Decor,171.89,41.12,Regular,9885.37,28,4812.92
08-08-2024,Toys,397.17,42.88,Occasional,9775.07,20,7943.400000000001
09-08-2024,Sports,969.72,45.83,Occasional,7958.8,29,28121.88
10-08-2024,Electronics,265.55,21.55,Occasional,6628.29,24,6373.200000000001
11-08-2024,Sports,660.17,15.94,Regular,5820.29,24,15844.079999999998
12-08-2024,Electronics,331.94,29.11,Regular,8674.41,28,9294.32
13-08-2024,Electronics,775.74,18.56,Occasional,2965.45,37,28702.38
14-08-2024,Electronics,139.56,30.05,Premium,4730.04,30,4186.8
15-08-2024,Toys,970.12,35.28,Occasional,6231.96,34,32984.08
16-08-2024,Fashion,459.25,34.42,Regular,4170.79,30,13777.5
17-08-2024,Sports,243.69,18.73,Regular,4332.12,31,7554.39
18-08-2024,Toys,82.76,8.34,Regular,3369.82,33,2731.0800000000004
19-08-2024,Toys,178.06,21.53,Occasional,5685.89,29,5163.74
20-08-2024,Toys,524.58,7.13,Premium,8520.69,31,16261.980000000001
21-08-2024,Toys,343.63,44.5,Regular,2095.13,35,12027.05
22-08-2024,Toys,830.59,17.29,Regular,9350.89,28,23256.52
23-08-2024,Home Decor,436.58,7.72,Occasional,6921.97,32,13970.56
24-08-2024,Sports,256.23,1.27,Premium,8250.4,43,11017.890000000001
25-08-2024,Toys,620.97,32.29,Occasional,5606.29,16,9935.52
26-08-2024,Sports,709.71,31.85,Regular,7817.22,44,31227.24
27-08-2024,Home Decor,175.37,17.03,Premium,260.38,29,5085.7300000000005
28-08-2024,Home Decor,175.94,3.59,Premium,8201.97,32,5630.08
29-08-2024,Sports,46.3,20.48,Regular,497.37,29,1342.6999999999998
30-08-2024,Electronics,739.04,15.56,Premium,8910.14,45,33256.799999999996
31-08-2024,Fashion,667.17,33.86,Premium,9920.43,32,21349.44
01-09-2024,Electronics,479.88,30.29,Occasional,3011.27,32,15356.16
02-09-2024,Electronics,845.73,18.23,Regular,2182.15,30,25371.9
03-09-2024,Electronics,807.61,10.89,Regular,7677.1,29,23420.69
04-09-2024,Toys,589.5,49.4,Regular,2604.96,24,14148.0
05-09-2024,Home Decor,869.59,22.7,Regular,8669.07,32,27826.88
06-09-2024,Electronics,213.78,34.41,Regular,1118.14,25,5344.5
07-09-2024,Home Decor,120.8,7.03,Premium,1346.96,35,4228.0
08-09-2024,Sports,277.05,24.28,Occasional,9793.6,22,6095.1
09-09-2024,Fashion,66.52,1.38,Regular,6771.01,22,1463.4399999999998
10-09-2024,Sports,535.86,25.27,Occasional,8484.18,33,17683.38
11-09-2024,Sports,937.24,48.2,Occasional,3310.86,24,22493.760000000002
12-09-2024,Toys,48.95,19.21,Premium,6797.19,34,1664.3000000000002
13-09-2024,Fashion,130.89,1.95,Regular,5982.99,35,4581.15
14-09-2024,Sports,457.68,1.55,Premium,6071.19,32,14645.76
15-09-2024,Sports,934.54,19.4,Regular,6857.07,40,37381.6
16-09-2024,Fashion,322.99,8.0,Premium,5796.06,41,13242.59
17-09-2024,Fashion,512.16,1.17,Occasional,4347.72,45,23047.199999999997
18-09-2024,Sports,51.16,37.81,Regular,2831.63,24,1227.84
19-09-2024,Fashion,156.86,22.93,Occasional,7708.96,37,5803.820000000001
21-09-2024,Sports,965.47,45.0,Premium,6954.31,25,24136.75
22-09-2024,Toys,14.89,5.81,Regular,2409.99,20,297.8
23-09-2024,Electronics,952.29,47.8,Occasional,6290.77,17,16188.93
24-09-2024,Sports,642.73,15.7,Premium,7496.07,44,28280.120000000003
25-09-2024,Home Decor,869.24,44.42,Regular,2265.27,30,26077.2
26-09-2024,Electronics,460.19,30.15,Regular,693.44,34,15646.46
27-09-2024,Electronics,520.44,41.34,Occasional,1396.64,31,16133.640000000001
28-09-2024,Electronics,493.96,49.2,Regular,6099.37,38,18770.48
29-09-2024,Toys,670.2,14.42,Occasional,8509.52,32,21446.4
30-09-2024,Sports,148.25,48.06,Regular,545.47,27,4002.75
01-10-2024,Toys,39.67,19.47,Premium,7368.1,24,952.08
02-10-2024,Sports,314.85,19.28,Occasional,3479.05,40,12594.0
03-10-2024,Toys,707.63,17.02,Occasional,4837.43,57,40334.909999999996
04-10-2024,Toys,209.83,27.07,Regular,9295.71,27,5665.410000000001
05-10-2024,Home Decor,676.7,7.71,Regular,3386.52,28,18947.600000000002
06-10-2024,Toys,970.21,27.69,Occasional,4706.84,41,39778.61
07-10-2024,Fashion,102.96,27.09,Regular,235.46,37,3809.52
08-10-2024,Home Decor,675.88,38.1,Premium,907.83,27,18248.76
09-10-2024,Toys,449.31,41.68,Regular,2660.06,21,9435.51
10-10-2024,Electronics,869.46,22.02,Premium,375.74,25,21736.5
11-10-2024,Fashion,185.38,15.12,Premium,6350.62,30,5561.4
12-10-2024,Fashion,695.7,12.97,Premium,4321.34,18,12522.6
13-10-2024,Fashion,839.73,9.73,Premium,5526.64,17,14275.41
14-10-2024,Home Decor,945.17,2.88,Premium,1829.01,27,25519.59
15-10-2024,Toys,686.42,17.12,Regular,3029.73,27,18533.34
16-10-2024,Toys,502.2,13.51,Premium,6671.86,28,14061.6
17-10-2024,Electronics,621.67,48.32,Regular,9656.5,37,23001.789999999997
18-10-2024,Electronics,870.22,27.89,Premium,599.13,33,28717.260000000002
19-10-2024,Fashion,574.9,17.36,Occasional,8914.8,31,17821.899999999998
20-10-2024,Electronics,40.08,29.02,Premium,5811.12,19,761.52
21-10-2024,Home Decor,931.64,6.96,Occasional,5682.8,40,37265.6
22-10-2024,Toys,692.63,22.2,Premium,5052.76,33,22856.79
23-10-2024,Fashion,679.75,31.31,Premium,787.0,47,31948.25
24-10-2024,Electronics,223.52,24.44,Premium,989.78,40,8940.800000000001
25-10-2024,Home Decor,662.3,20.09,Occasional,6049.03,28,18544.399999999998
26-10-2024,Home Decor,399.93,49.69,Occasional,3475.49,30,11997.9
27-10-2024,Electronics,654.72,44.02,Premium,9180.95,28,18332.16
28-10-2024,Toys,115.53,31.17,Regular,4125.25,37,4274.61
29-10-2024,Electronics,661.27,28.47,Premium,1518.49,34,22483.18
30-10-2024,Fashion,999.42,31.03,Occasional,7175.72,25,24985.5
31-10-2024,Electronics,57.73,10.07,Premium,3004.2,32,1847.36
01-11-2024,Home Decor,977.4,19.76,Occasional,5302.16,24,23457.6
02-11-2024,Electronics,412.84,1.97,Occasional,7008.54,27,11146.679999999998
03-11-2024,Toys,872.05,23.78,Occasional,9012.61,29,25289.449999999997
04-11-2024,Sports,784.56,27.15,Premium,7942.69,34,26675.039999999997
05-11-2024,Electronics,571.35,11.39,Occasional,6795.97,28,15997.800000000001
06-11-2024,Toys,741.06,48.2,Occasional,6828.37,46,34088.759999999995
07-11-2024,Toys,879.73,45.47,Premium,9464.65,27,23752.71
08-11-2024,Home Decor,410.1,36.11,Occasional,3028.66,30,12303.0
09-11-2024,Toys,333.76,26.67,Premium,111.01,28,9345.279999999999
10-11-2024,Toys,670.92,43.5,Occasional,2792.35,35,23482.199999999997
11-11-2024,Toys,809.77,6.53,Regular,2257.12,39,31581.03
12-11-2024,Toys,764.66,39.53,Regular,6652.16,46,35174.36
13-11-2024,Fashion,799.84,6.24,Occasional,6373.74,40,31993.600000000002
14-11-2024,Fashion,441.23,39.71,Regular,5975.27,38,16766.74
15-11-2024,Home Decor,819.66,13.79,Premium,260.81,37,30327.42
16-11-2024,Electronics,129.01,43.85,Regular,7314.9,34,4386.34
17-11-2024,Toys,549.04,47.2,Occasional,3302.95,24,13176.96
18-11-2024,Electronics,15.7,7.44,Occasional,6684.05,18,282.59999999999997
19-11-2024,Electronics,331.34,23.13,Premium,5610.13,30,9940.199999999999
20-11-2024,Home Decor,372.8,49.05,Occasional,3493.04,28,10438.4
21-11-2024,Toys,402.21,24.17,Premium,1432.31,32,12870.72
22-11-2024,Toys,698.51,43.18,Regular,1034.75,24,16764.239999999998
23-11-2024,Sports,394.67,29.44,Regular,8332.03,17,6709.39
24-11-2024,Electronics,454.21,18.77,Premium,9192.14,36,16351.56
25-11-2024,Electronics,245.17,14.29,Premium,6532.9,23,5638.91
26-11-2024,Fashion,379.52,10.16,Occasional,1124.0,31,11765.119999999999
27-11-2024,Sports,235.0,38.09,Regular,4080.07,30,7050.0
28-11-2024,Fashion,82.46,19.33,Premium,7316.5,22,1814.12
29-11-2024,Fashion,607.41,25.56,Regular,7820.23,19,11540.789999999999
30-11-2024,Fashion,671.53,24.62,Premium,1270.36,41,27532.73
01-12-2024,Home Decor,623.3,28.86,Regular,100.3,28,17452.399999999998
02-12-2024,Home Decor,468.86,43.28,Occasional,7150.16,26,12190.36
03-12-2024,Fashion,385.99,49.04,Regular,3630.3,33,12737.67
04-12-2024,Sports,864.7,20.38,Regular,2619.37,28,24211.600000000002
05-12-2024,Electronics,523.89,41.38,Regular,227.68,32,16764.48
06-12-2024,Sports,484.39,38.23,Regular,5448.96,36,17438.04
07-12-2024,Toys,35.39,28.68,Regular,8526.39,30,1061.7
08-12-2024,Home Decor,347.84,47.8,Occasional,9580.55,16,5565.44
09-12-2024,Electronics,386.39,10.02,Premium,5700.88,38,14682.82
10-12-2024,Electronics,404.83,5.46,Regular,5193.17,42,17002.86
11-12-2024,Toys,584.37,42.7,Occasional,942.06,20,11687.4
12-12-2024,Toys,538.27,21.96,Regular,5533.84,32,17224.64
13-12-2024,Fashion,611.83,42.35,Regular,3861.79,26,15907.580000000002
14-12-2024,Home Decor,767.23,44.65,Premium,6110.64,22,16879.06
15-12-2024,Home Decor,814.86,3.12,Regular,3948.39,32,26075.52
16-12-2024,Sports,720.94,44.17,Occasional,2478.96,45,32442.300000000003
17-12-2024,Fashion,955.97,22.42,Occasional,1040.16,25,23899.25
18-12-2024,Fashion,28.05,25.52,Premium,3217.69,28,785.4
19-12-2024,Fashion,203.82,31.33,Regular,1056.78,22,4484.04
20-12-2024,Fashion,17.49,46.32,Occasional,1851.28,19,332.30999999999995
21-12-2024,Home Decor,651.0,0.96,Regular,9874.63,47,30597.0
22-12-2024,Home Decor,899.05,23.84,Regular,4496.63,35,31466.75
23-12-2024,Fashion,251.05,34.39,Regular,5365.53,13,3263.65
24-12-2024,Sports,927.76,36.14,Premium,8748.82,28,25977.28
25-12-2024,Electronics,69.66,34.63,Regular,9956.13,22,1532.52
26-12-2024,Electronics,935.09,6.72,Occasional,5868.87,41,38338.69
27-12-2024,Sports,358.11,14.97,Regular,8143.49,29,10385.19
28-12-2024,Fashion,110.41,17.94,Occasional,3336.72,47,5189.2699999999995
29-12-2024,Home Decor,491.01,40.22,Regular,3126.87,19,9329.19
30-12-2024,Electronics,264.21,13.94,Occasional,4086.77,21,5548.41
31-12-2024,Toys,292.02,10.54,Occasional,6757.82,38,11096.759999999998
01-01-2025,Toys,314.22,47.87,Regular,6853.7,46,14454.12
02-01-2025,Sports,805.0,0.44,Regular,3220.87,25,20125.0
03-01-2025,Fashion,543.77,49.89,Occasional,1418.78,15,8156.549999999999
04-01-2025,Electronics,318.19,33.84,Premium,6360.72,19,6045.61
05-01-2025,Fashion,614.23,41.42,Regular,1370.43,26,15969.98
06-01-2025,Electronics,718.99,14.73,Premium,5827.08,36,25883.64
07-01-2025,Sports,279.9,0.72,Regular,6964.88,26,7277.4
08-01-2025,Sports,419.41,36.89,Regular,7036.05,31,13001.710000000001
09-01-2025,Toys,130.67,41.71,Regular,7559.37,31,4050.7699999999995
10-01-2025,Fashion,189.34,37.02,Regular,8741.31,25,4733.5
11-01-2025,Toys,684.31,7.14,Premium,5049.59,27,18476.37
12-01-2025,Fashion,189.62,37.67,Regular,7329.47,31,5878.22
13-01-2025,Toys,529.91,38.45,Occasional,6229.81,24,12717.84
14-01-2025,Home Decor,711.96,32.93,Occasional,1947.74,27,19222.920000000002
15-01-2025,Home Decor,115.81,38.31,Premium,354.33,36,4169.16
16-01-2025,Home Decor,571.64,42.3,Regular,2916.96,15,8574.6
17-01-2025,Home Decor,264.0,30.68,Occasional,4486.03,26,6864.0
18-01-2025,Electronics,963.3,4.43,Premium,6209.35,31,29862.3
19-01-2025,Home Decor,488.71,24.38,Regular,8514.6,43,21014.53
20-01-2025,Sports,807.93,3.88,Occasional,2042.83,24,19390.32
21-01-2025,Sports,554.72,20.38,Occasional,1342.94,15,8320.800000000001
22-01-2025,Electronics,52.98,20.36,Premium,9638.45,25,1324.5
23-01-2025,Home Decor,636.82,3.3,Regular,1169.64,32,20378.24
24-01-2025,Home Decor,951.89,17.44,Regular,4837.06,36,34268.04
25-01-2025,Home Decor,605.6,5.55,Occasional,5897.08,33,19984.8
26-01-2025,Toys,821.0,40.41,Occasional,5459.61,17,13957.0
27-01-2025,Fashion,885.36,47.38,Occasional,951.72,39,34529.04
28-01-2025,Toys,235.8,3.62,Regular,664.57,40,9432.0
29-01-2025,Fashion,219.92,47.76,Premium,1144.29,36,7917.12
30-01-2025,Home Decor,614.87,26.13,Premium,5897.32,29,17831.23
31-01-2025,Home Decor,416.92,14.98,Regular,5489.01,28,11673.76
01-02-2025,Toys,841.46,3.84,Premium,2414.03,37,31134.02
02-02-2025,Toys,901.02,25.03,Occasional,6413.96,34,30634.68
03-02-2025,Fashion,359.89,39.73,Premium,8218.67,36,12956.039999999999
04-02-2025,Sports,244.5,35.35,Premium,511.63,30,7335.0
05-02-2025,Fashion,782.72,2.51,Premium,5031.49,24,18785.28
06-02-2025,Toys,282.06,3.65,Occasional,6924.17,28,7897.68
07-02-2025,Toys,824.39,20.14,Regular,2597.89,31,25556.09
08-02-2025,Electronics,429.5,14.76,Occasional,3146.93,41,17609.5
09-02-2025,Toys,670.87,11.62,Regular,6175.02,21,14088.27
10-02-2025,Electronics,104.58,14.05,Regular,8989.56,18,1882.44
11-02-2025,Sports,627.62,40.17,Regular,8118.25,21,13180.02
12-02-2025,Fashion,457.25,46.46,Premium,5872.99,28,12803.0
13-02-2025,Fashion,590.74,20.26,Premium,7329.2,27,15949.98
14-02-2025,Electronics,176.33,45.31,Regular,3711.74,27,4760.910000000001
15-02-2025,Fashion,739.51,16.07,Regular,6445.56,28,20706.28
16-02-2025,Toys,864.17,23.82,Premium,4715.2,35,30245.949999999997
17-02-2025,Home Decor,224.57,11.3,Occasional,1980.37,20,4491.4
18-02-2025,Electronics,104.76,32.02,Regular,7047.21,34,3561.84
19-02-2025,Fashion,33.4,48.95,Occasional,5609.0,31,1035.3999999999999
20-02-2025,Electronics,645.55,30.17,Premium,3650.35,34,21948.699999999997
21-02-2025,Electronics,611.02,17.89,Regular,9122.26,38,23218.76
22-02-2025,Home Decor,551.23,32.39,Occasional,307.25,30,16536.9
23-02-2025,Toys,239.63,6.15,Occasional,3226.15,25,5990.75
24-02-2025,Electronics,397.0,44.43,Occasional,663.13,28,11116.0
25-02-2025,Fashion,598.53,25.15,Premium,7688.62,40,23941.199999999997
26-02-2025,Sports,501.8,22.47,Premium,7050.86,25,12545.0
27-02-2025,Electronics,987.91,29.29,Occasional,3380.39,22,21734.02
28-02-2025,Electronics,145.08,31.24,Occasional,6789.06,28,4062.2400000000002
01-03-2025,Home Decor,698.19,3.59,Premium,4019.78,24,16756.56
02-03-2025,Toys,410.28,34.13,Occasional,7586.91,32,13128.96
03-03-2025,Sports,433.92,12.1,Occasional,4596.42,15,6508.8
04-03-2025,Fashion,720.42,35.7,Premium,4181.57,32,23053.44
05-03-2025,Sports,695.51,41.13,Occasional,9353.83,37,25733.87
06-03-2025,Fashion,991.34,40.2,Occasional,2583.7,31,30731.54
07-03-2025,Toys,137.11,27.63,Occasional,1292.43,27,3701.9700000000003
08-03-2025,Fashion,113.07,26.01,Premium,5886.98,19,2148.33
09-03-2025,Home Decor,727.1,7.14,Occasional,9696.29,31,22540.100000000002
10-03-2025,Home Decor,582.6,38.77,Premium,3840.61,32,18643.2
11-03-2025,Home Decor,281.42,13.57,Premium,714.16,23,6472.660000000001
12-03-2025,Home Decor,88.63,24.83,Regular,3459.12,24,2127.12
13-03-2025,Sports,94.8,14.21,Regular,5108.72,36,3412.7999999999997
14-03-2025,Toys,895.25,6.69,Occasional,1703.04,31,27752.75
15-03-2025,Fashion,199.95,31.48,Premium,6615.21,36,7198.2
16-03-2025,Fashion,330.14,2.72,Regular,9977.72,34,11224.76
17-03-2025,Home Decor,234.39,37.43,Occasional,4572.22,28,6562.92
18-03-2025,Home Decor,361.45,15.88,Regular,3611.81,32,11566.4
19-03-2025,Electronics,78.73,0.01,Regular,4066.97,37,2913.01
20-03-2025,Toys,523.87,25.56,Premium,1239.95,34,17811.58
21-03-2025,Sports,76.94,2.34,Premium,8844.41,36,2769.84
22-03-2025,Fashion,802.35,13.81,Regular,4206.77,18,14442.300000000001
23-03-2025,Electronics,241.37,35.35,Regular,3934.02,29,6999.7300000000005
24-03-2025,Electronics,544.61,3.13,Premium,6630.93,22,11981.42
25-03-2025,Fashion,881.28,41.97,Occasional,4476.13,45,39657.6
26-03-2025,Sports,654.37,0.19,Premium,6517.51,33,21594.21
27-03-2025,Electronics,537.63,12.34,Regular,708.32,33,17741.79
28-03-2025,Electronics,331.09,37.05,Occasional,8155.86,40,13243.599999999999
29-03-2025,Toys,339.67,15.81,Regular,9410.99,30,10190.1
30-03-2025,Sports,672.79,5.09,Occasional,6522.78,39,26238.809999999998
31-03-2025,Electronics,994.2,18.01,Regular,9550.2,28,27837.600000000002
01-04-2025,Sports,665.22,13.52,Occasional,1599.18,30,19956.600000000002
02-04-2025,Fashion,562.21,42.14,Occasional,4826.42,30,16866.300000000003
03-04-2025,Home Decor,733.34,15.67,Regular,6057.89,37,27133.58
04-04-2025,Electronics,470.55,39.45,Occasional,5859.19,31,14587.050000000001
05-04-2025,Toys,69.54,44.59,Premium,4074.47,33,2294.82
06-04-2025,Fashion,566.67,21.69,Regular,3447.04,18,10200.06
07-04-2025,Sports,958.05,45.5,Premium,1355.56,31,29699.55
08-04-2025,Fashion,183.55,18.87,Regular,3978.25,31,5690.05
09-04-2025,Electronics,693.1,48.2,Occasional,1710.34,25,17327.5
10-04-2025,Sports,208.92,4.46,Occasional,7370.22,22,4596.24
11-04-2025,Home Decor,540.47,34.35,Occasional,2167.43,27,14592.69
12-04-2025,Fashion,105.71,24.69,Regular,679.8,19,2008.4899999999998
13-04-2025,Electronics,455.87,19.38,Premium,5568.42,28,12764.36
14-04-2025,Toys,758.6,31.64,Premium,5992.77,34,25792.4
15-04-2025,Sports,354.1,35.19,Regular,8731.94,28,9914.800000000001
16-04-2025,Fashion,668.26,0.22,Regular,5812.12,23,15369.98
17-04-2025,Fashion,797.5,8.35,Premium,3520.26,23,18342.5
18-04-2025,Home Decor,927.91,35.65,Premium,8049.82,28,25981.48
19-04-2025,Home Decor,242.3,33.32,Premium,5448.76,22,5330.6
20-04-2025,Toys,405.32,48.3,Premium,884.87,36,14591.52
21-04-2025,Toys,160.89,38.05,Regular,5701.92,36,5792.039999999999
22-04-2025,Electronics,992.56,47.54,Regular,9089.38,40,39702.399999999994
23-04-2025,Electronics,927.73,35.13,Occasional,4023.49,19,17626.87
24-04-2025,Toys,544.56,14.9,Premium,3033.63,33,17970.48
25-04-2025,Toys,843.61,5.27,Occasional,1520.35,31,26151.91
26-04-2025,Sports,525.75,39.09,Regular,1599.31,29,15246.75
27-04-2025,Home Decor,627.35,32.21,Regular,4384.44,29,18193.15
28-04-2025,Electronics,98.23,2.41,Occasional,5997.23,31,3045.13
29-04-2025,Home Decor,757.72,18.0,Premium,898.09,26,19700.72
30-04-2025,Home Decor,136.44,47.84,Premium,9401.73,34,4638.96
01-05-2025,Toys,827.81,25.02,Premium,7575.82,32,26489.92
02-05-2025,Sports,784.21,21.64,Premium,5907.58,20,15684.2
03-05-2025,Fashion,711.66,22.88,Occasional,8301.54,33,23484.78
04-05-2025,Sports,45.8,10.44,Occasional,893.85,34,1557.1999999999998
05-05-2025,Sports,310.1,18.44,Regular,4820.7,35,10853.5
06-05-2025,Home Decor,270.48,18.49,Premium,6337.92,35,9466.800000000001
07-05-2025,Sports,366.54,2.62,Premium,8303.66,29,10629.66
08-05-2025,Electronics,96.77,38.38,Premium,7856.35,27,2612.79
09-05-2025,Home Decor,937.59,20.83,Occasional,2842.99,29,27190.11
10-05-2025,Electronics,558.26,41.11,Premium,9414.71,20,11165.2
11-05-2025,Fashion,312.47,42.52,Occasional,1331.02,39,12186.330000000002
12-05-2025,Home Decor,403.01,10.6,Premium,8763.82,39,15717.39
13-05-2025,Fashion,452.73,32.87,Premium,9712.31,21,9507.33
14-05-2025,Home Decor,604.59,23.61,Regular,1853.82,37,22369.83
15-05-2025,Toys,520.52,44.01,Premium,7248.45,25,13013.0
16-05-2025,Sports,920.2,10.79,Premium,498.83,29,26685.800000000003
17-05-2025,Toys,501.99,33.89,Regular,4113.69,24,12047.76
18-05-2025,Fashion,992.24,30.39,Occasional,5211.2,37,36712.88
19-05-2025,Sports,852.91,14.77,Occasional,5848.39,28,23881.48
20-05-2025,Home Decor,216.43,6.83,Premium,9365.78,32,6925.76
21-05-2025,Sports,931.29,32.58,Occasional,6755.28,38,35389.02
22-05-2025,Electronics,125.2,36.93,Premium,4864.65,40,5008.0
23-05-2025,Sports,819.28,15.78,Regular,8115.78,23,18843.44
24-05-2025,Electronics,386.82,32.24,Regular,9510.27,28,10830.96
25-05-2025,Sports,879.19,19.76,Premium,318.45,27,23738.13
26-05-2025,Electronics,869.38,35.66,Regular,9826.96,27,23473.26
27-05-2025,Fashion,807.87,9.96,Regular,952.71,26,21004.62
28-05-2025,Toys,792.13,44.51,Premium,8162.43,42,33269.46
29-05-2025,Home Decor,311.63,14.37,Premium,2875.31,26,8102.38
30-05-2025,Sports,90.11,18.39,Regular,1408.58,32,2883.52
31-05-2025,Toys,408.95,2.9,Occasional,4454.57,39,15949.05
01-06-2025,Home Decor,181.79,5.58,Occasional,6475.17,18,3272.22
02-06-2025,Home Decor,698.0,25.79,Premium,3871.42,29,20242.0
03-06-2025,Electronics,352.64,13.38,Premium,640.2,18,6347.5199999999995
04-06-2025,Fashion,975.85,41.77,Occasional,6034.67,38,37082.3
05-06-2025,Fashion,644.56,0.73,Regular,9033.79,33,21270.48
06-06-2025,Toys,824.26,18.95,Occasional,3893.83,23,18957.98
07-06-2025,Fashion,141.2,16.87,Occasional,2241.69,30,4236.0
08-06-2025,Sports,863.39,0.97,Occasional,4481.52,26,22448.14
09-06-2025,Fashion,923.53,6.22,Occasional,578.79,42,38788.26
10-06-2025,Toys,492.19,20.68,Premium,8222.83,32,15750.08
11-06-2025,Fashion,610.19,24.64,Premium,8280.77,25,15254.750000000002
12-06-2025,Sports,767.16,20.21,Regular,5921.2,22,16877.52
13-06-2025,Electronics,183.09,26.55,Regular,3595.72,35,6408.150000000001
14-06-2025,Toys,507.54,29.76,Regular,8017.86,22,11165.880000000001
15-06-2025,Electronics,404.68,0.5,Regular,5591.4,30,12140.4
16-06-2025,Electronics,154.91,23.2,Occasional,8276.73,39,6041.49
17-06-2025,Electronics,373.86,48.17,Premium,6351.44,34,12711.24
18-06-2025,Home Decor,77.49,25.95,Premium,7865.61,32,2479.68
19-06-2025,Home Decor,35.55,33.88,Regular,6025.77,33,1173.1499999999999
20-06-2025,Electronics,143.81,15.59,Regular,4200.0,26,3739.06
21-06-2025,Toys,963.48,38.7,Occasional,9583.66,26,25050.48
22-06-2025,Sports,554.03,38.65,Occasional,5457.03,31,17174.93
23-06-2025,Sports,966.16,26.06,Regular,6090.39,28,27052.48
24-06-2025,Fashion,438.17,48.8,Premium,2282.83,29,12706.93
25-06-2025,Toys,318.7,6.28,Premium,6293.94,27,8604.9
26-06-2025,Home Decor,511.08,0.85,Premium,5758.92,24,12265.92
27-06-2025,Electronics,445.12,38.51,Regular,1929.9,27,12018.24
28-06-2025,Fashion,114.61,40.36,Premium,689.91,40,4584.4
29-06-2025,Sports,644.42,6.01,Occasional,6083.16,32,20621.44
30-06-2025,Home Decor,223.88,13.28,Occasional,7660.55,31,6940.28
01-07-2025,Home Decor,623.39,0.88,Regular,5281.67,38,23688.82
02-07-2025,Electronics,653.7,14.67,Occasional,2345.05,36,23533.2
03-07-2025,Sports,160.5,38.66,Regular,6698.57,36,5778.0
04-07-2025,Toys,70.74,25.9,Premium,893.05,22,1556.28
05-07-2025,Home Decor,782.95,17.4,Premium,4474.15,27,21139.65
06-07-2025,Electronics,465.2,18.59,Premium,1717.33,31,14421.199999999999
07-07-2025,Toys,67.58,0.07,Occasional,1926.14,24,1621.92
08-07-2025,Sports,994.92,14.99,Regular,2102.71,38,37806.96
09-07-2025,Home Decor,67.2,32.32,Premium,3928.4,35,2352.0
10-07-2025,Toys,698.08,48.71,Regular,606.39,32,22338.56
11-07-2025,Toys,983.84,42.35,Premium,4038.16,27,26563.68
12-07-2025,Toys,246.79,1.18,Occasional,5165.9,38,9378.02
13-07-2025,Home Decor,150.83,44.93,Occasional,4884.61,11,1659.13
14-07-2025,Home Decor,130.17,39.16,Regular,3889.56,32,4165.44
15-07-2025,Fashion,310.24,39.02,Occasional,8407.55,26,8066.24
16-07-2025,Sports,110.04,22.9,Occasional,1538.73,23,2530.92
17-07-2025,Electronics,695.24,19.9,Regular,5106.4,37,25723.88
18-07-2025,Toys,71.67,15.15,Premium,714.21,31,2221.77
19-07-2025,Fashion,514.33,3.28,Occasional,804.44,20,10286.6
20-07-2025,Electronics,996.73,11.41,Regular,5781.27,24,23921.52
21-07-2025,Fashion,815.83,12.33,Occasional,5703.58,33,26922.390000000003
22-07-2025,Home Decor,619.07,24.2,Occasional,8792.53,25,15476.750000000002
23-07-2025,Toys,313.19,37.37,Occasional,5622.95,20,6263.8
24-07-2025,Electronics,627.66,23.69,Occasional,9601.93,35,21968.1
25-07-2025,Electronics,531.77,2.89,Regular,582.08,41,21802.57
26-07-2025,Electronics,431.82,47.89,Regular,1070.28,25,10795.5
27-07-2025,Electronics,139.4,47.14,Regular,536.25,35,4879.0
28-07-2025,Electronics,887.74,39.26,Occasional,1934.24,40,35509.6
29-07-2025,Fashion,455.29,49.57,Occasional,5458.57,28,12748.12
30-07-2025,Toys,202.68,27.22,Occasional,6491.16,22,4458.96
31-07-2025,Home Decor,374.08,48.14,Regular,551.29,20,7481.599999999999
01-08-2025,Home Decor,419.99,3.78,Occasional,9465.11,31,13019.69
02-08-2025,Home Decor,829.26,18.28,Premium,8437.44,20,16585.2
03-08-2025,Home Decor,736.28,11.27,Occasional,3036.46,21,15461.88
04-08-2025,Fashion,771.61,9.79,Premium,864.16,34,26234.74
05-08-2025,Sports,20.92,7.04,Occasional,1781.88,25,523.0
06-08-2025,Toys,421.99,31.12,Regular,1356.75,42,17723.58
07-08-2025,Electronics,486.53,39.07,Occasional,1320.51,19,9244.07
08-08-2025,Sports,29.0,28.91,Premium,5233.76,38,1102.0
09-08-2025,Home Decor,267.22,7.35,Premium,2533.89,28,7482.160000000001
10-08-2025,Sports,762.69,40.56,Occasional,3645.58,41,31270.29
11-08-2025,Toys,145.74,31.8,Premium,9896.1,15,2186.1000000000004
12-08-2025,Electronics,539.96,19.41,Premium,6874.71,29,15658.84
13-08-2025,Electronics,223.05,33.71,Regular,9494.91,28,6245.400000000001
14-08-2025,Toys,22.0,13.0,Occasional,1511.31,23,506.0
15-08-2025,Toys,248.79,17.26,Occasional,3883.18,20,4975.8
16-08-2025,Home Decor,976.12,45.87,Occasional,5591.84,33,32211.96
17-08-2025,Electronics,803.52,14.53,Premium,859.9,38,30533.76
18-08-2025,Sports,959.98,23.5,Occasional,141.46,18,17279.64
19-08-2025,Fashion,492.98,44.51,Occasional,6737.3,28,13803.44
20-08-2025,Fashion,118.64,35.39,Regular,6454.01,26,3084.64
21-08-2025,Toys,552.48,3.11,Regular,4166.81,30,16574.4
22-08-2025,Home Decor,459.83,7.37,Regular,4947.48,27,12415.41
23-08-2025,Fashion,845.91,0.39,Premium,4212.89,38,32144.579999999998
24-08-2025,Electronics,107.1,31.55,Occasional,337.65,23,2463.2999999999997
25-08-2025,Toys,493.36,22.38,Regular,3420.18,35,17267.600000000002
26-08-2025,Sports,158.55,6.71,Regular,1853.11,31,4915.05
27-08-2025,Toys,331.43,47.9,Regular,1074.4,26,8617.18
28-08-2025,Sports,739.98,26.48,Occasional,9571.53,19,14059.62
29-08-2025,Toys,481.26,12.09,Occasional,6033.66,27,12994.02
30-08-2025,Toys,382.13,25.03,Occasional,7313.7,26,9935.38
31-08-2025,Toys,400.53,33.98,Premium,3222.1,30,12015.9
01-09-2025,Sports,464.85,3.81,Premium,3992.16,23,10691.550000000001
02-09-2025,Sports,787.17,13.74,Regular,2445.55,19,14956.23
03-09-2025,Toys,893.16,40.35,Occasional,1059.96,29,25901.64
04-09-2025,Fashion,955.78,22.98,Regular,1872.41,27,25806.059999999998
05-09-2025,Home Decor,789.03,27.33,Occasional,7995.39,43,33928.29
06-09-2025,Home Decor,322.25,21.64,Occasional,6807.7,30,9667.5
07-09-2025,Home Decor,691.25,2.19,Occasional,5514.6,46,31797.5
08-09-2025,Sports,443.23,8.29,Premium,4803.39,36,15956.28
09-09-2025,Sports,262.12,22.28,Premium,9232.1,32,8387.84
10-09-2025,Fashion,842.46,10.46,Occasional,820.08,23,19376.58
11-09-2025,Home Decor,48.04,2.5,Regular,2877.95,21,1008.84
12-09-2025,Home Decor,902.74,42.18,Occasional,3564.38,36,32498.64
13-09-2025,Toys,466.86,49.06,Occasional,7846.02,23,10737.78
14-09-2025,Sports,640.83,39.66,Regular,9925.89,34,21788.22
15-09-2025,Home Decor,662.76,42.69,Occasional,2482.64,21,13917.96
16-09-2025,Fashion,896.17,12.1,Regular,8755.64,23,20611.91
17-09-2025,Fashion,640.3,48.03,Premium,8323.17,33,21129.899999999998
18-09-2025,Home Decor,617.79,9.85,Premium,2324.11,26,16062.539999999999
19-09-2025,Sports,75.99,47.57,Regular,4053.39,42,3191.58
20-09-2025,Fashion,523.22,49.74,Premium,4155.76,35,18312.7
21-09-2025,Toys,158.67,35.59,Premium,9784.38,26,4125.42
22-09-2025,Fashion,740.06,49.06,Regular,1890.83,34,25162.039999999997
23-09-2025,Electronics,517.1,28.48,Premium,8011.66,21,10859.1
24-09-2025,Electronics,683.43,12.98,Occasional,3408.51,19,12985.169999999998
25-09-2025,Sports,51.26,21.85,Occasional,7335.62,26,1332.76
26-09-2025,Home Decor,93.94,29.68,Regular,4258.11,39,3663.66
